INSERT IGNORE INTO Categorie (nom, description) VALUES
('Avions de guerre', 'Maquettes de chasseurs militaires et avions de combat'),
('Avions commerciaux', 'Maquettes d’avions civils et commerciaux'),
('Avions historiques', 'Reproductions d’avions historiques emblématiques'),
('Hélicoptères', 'Maquettes d’hélicoptères civils et militaires'),
('Jets privés', 'Maquettes de jets pour usage privé'),
('Kits pour débutants', 'Maquettes simples pour apprendre'),
('Kits experts', 'Maquettes complexes pour passionnés'),
('Avions futuristes', 'Concepts et prototypes d’avions du futur'),
('Bombardiers', 'Maquettes d’avions à forte puissance de frappe'),
('Avions écolos', 'Reproductions d’avions propulsés à l’énergie verte'),
('Avions militaires modernes', 'Modèles actuels utilisés par les armées'),
('Avions de reconnaissance', 'Avions de surveillance et collecte d’informations'),
('Avions d’époque', 'Avions datant d’avant 1900'),
('Avions à grande échelle', 'Maquettes XXL pour expositions'),
('Kits de collection', 'Séries limitées pour collectionneurs');

INSERT IGNORE INTO Fournisseur (nom, adresse, email, telephone) VALUES
('MaquettesPro', '15 Rue de l’Industrie, Nantes', 'contact@maquettespro.com', '0240567890'),
('PaperModels', '32 Chemin des Arts, Marseille', 'info@papermodels.fr', '0491123456'),
('AvionPapier', '67 Allée des Maîtres, Lille', 'support@avionpapier.com', '0321654789'),
('KitAero', '120 Rue de l’Aviation, Lyon', 'sales@kitaero.com', '0456789123'),
('SkyCraft', '89 Avenue des Platanes, Bordeaux', 'contact@skycraft.com', '0554678912'),
('AirScale', '54 Boulevard des Vents, Strasbourg', 'info@airscale.fr', '0389456721'),
('WingWorks', '22 Place de la Gare, Paris', 'support@wingworks.com', '0178456123'),
('FlyPaper', '30 Quai de la Seine, Toulouse', 'contact@flypaper.com', '0567453123'),
('CraftAir', '77 Rue de la Forge, Lille', 'info@craftair.com', '0321234567'),
('DreamJets', '19 Rue du Rêve, Nice', 'sales@dreamjets.com', '0491238765'),
('ProPlanes', '44 Avenue des Cèdres, Marseille', 'contact@proplanes.com', '0498456123'),
('AeroZone', '81 Rue de l’Espace, Nantes', 'info@aerozone.com', '0245678932'),
('ModelSky', '63 Rue des Héros, Bordeaux', 'support@modelsky.com', '0559432187'),
('EliteCraft', '14 Rue des Étoiles, Lyon', 'sales@elitecraft.fr', '0457231987'),
('HorizonModels', '10 Boulevard de l’Horizon, Paris', 'contact@horizonmodels.com', '0179654321'),
('FastBuild', '88 Rue des Rapides, Lyon', 'contact@fastbuild.com', '0456784321'),
('EagleCraft', '99 Boulevard des Aigles, Bordeaux', 'info@eaglecraft.fr', '0558765432'),
('MasterFly', '101 Avenue des Prototypes, Marseille', 'contact@masterfly.com', '0491786532'),
('AlphaWings', '123 Chemin des Alphas, Nice', 'info@alphawings.com', '0491237890'),
('SkyMasters', '124 Avenue du Ciel, Nantes', 'sales@skymasters.fr', '0246789123'),
('TopScale', '125 Rue des Sommets, Lille', 'contact@topscale.fr', '0321678901'),
('AirElite', '126 Quai des Champs, Paris', 'info@airelite.fr', '0178456432'),
('DreamScale', '127 Rue des Rêves, Marseille', 'sales@dreamscale.fr', '0491287654'),
('PrecisionModels', '128 Boulevard Précision, Lyon', 'info@precisionmodels.com', '0459876543'),
('SkyLine', '129 Rue des Lignes, Toulouse', 'support@skyline.com', '0567891234'),
('JetModelers', '130 Allée des Jets, Nice', 'info@jetmodelers.fr', '0498765432'),
('CraftingAir', '131 Avenue de l’Artisanat, Lille', 'sales@craftingair.fr', '0321654987'),
('ScaleMaster', '132 Boulevard des Maîtres, Paris', 'info@scalemaster.fr', '0178496521'),
('EliteModels', '133 Rue des Élites, Nantes', 'contact@elitemodels.fr', '0245897632');

INSERT IGNORE INTO Produit (reference, nom, description, prix_unitaire, quantite_stock, id_categorie) VALUES
('AVW001', 'Chasseur F-22 Raptor', 'Maquette en papier du célèbre F-22 Raptor.', 19.99, 50, 1),
('AVW002', 'Spitfire Mk IX', 'Reproduction en papier du Spitfire utilisé pendant la Seconde Guerre mondiale.', 14.99, 30, 3),
('AVC001', 'Boeing 747', 'Maquette en papier du Boeing 747, le roi des cieux.', 24.99, 20, 2),
('AVW003', 'Messerschmitt Bf 109', 'Chasseur emblématique de l’Allemagne nazie.', 18.49, 25, 1),
('AVH001', 'Wright Flyer', 'Premier avion motorisé des frères Wright.', 12.99, 15, 3),
('AVC002', 'Airbus A320', 'Maquette de l’avion commercial européen.', 22.49, 35, 2),
('AVM001', 'Concorde', 'Avion supersonique français-britannique.', 34.99, 10, 2),
('AVJ001', 'Gulfstream G650', 'Jet privé haut de gamme.', 28.99, 8, 5),
('AVR001', 'Lockheed SR-71 Blackbird', 'Avion de reconnaissance le plus rapide au monde.', 31.49, 12, 1),
('AVF001', 'Concept E-Flyer', 'Prototype futuriste éco-responsable.', 25.99, 5, 8),
('AVK001', 'Kit Avion Débutant', 'Maquette facile à assembler pour les novices.', 9.99, 40, 6),
('AVK002', 'Kit Avion Expert', 'Maquette avancée pour modélistes confirmés.', 39.99, 6, 7),
('AVW004', 'P-51 Mustang', 'Avion de chasse américain de la Seconde Guerre mondiale.', 20.99, 25, 1),
('AVB001', 'B-17 Flying Fortress', 'Bombardier américain célèbre.', 29.99, 7, 9),
('AVC003', 'Airbus A380', 'Le plus grand avion commercial au monde.', 49.99, 10, 2),
('AVF002', 'Avion électrique GreenAir', 'Avion à propulsion électrique.', 27.99, 12, 10),
('AVJ002', 'Learjet 75', 'Petit jet privé luxueux.', 35.99, 5, 5),
('AVR002', 'Global Hawk', 'Drone de reconnaissance militaire.', 40.99, 8, 12),
('AVH002', 'Blériot XI', 'Avion d’époque ayant traversé la Manche.', 15.99, 10, 13),
('AVM002', 'F-16 Fighting Falcon', 'Avion de chasse multi-rôle.', 32.99, 18, 11),
('AVB002', 'Tupolev Tu-160', 'Bombardier stratégique russe.', 39.99, 5, 9),
('AVC004', 'Cessna 172', 'Petit avion de tourisme.', 12.99, 25, 2),
('AVF003', 'Avion solaire SunFlyer', 'Avion fonctionnant à l’énergie solaire.', 29.99, 3, 10),
('AVK003', 'Kit Biplan', 'Maquette de biplan pour débutants.', 14.99, 30, 6),
('AVK004', 'Kit Jet Supersonique', 'Maquette complexe d’un jet supersonique.', 49.99, 2, 7),
('AVW005', 'Mitsubishi Zero', 'Avion de chasse japonais.', 18.99, 15, 1),
('AVJ003', 'Bombardier Challenger 350', 'Jet d’affaires performant.', 29.99, 9, 5),
('AVH003', 'Curtiss JN-4 Jenny', 'Avion d’époque américain.', 13.49, 18, 13),
('AVM003', 'Rafale', 'Avion de chasse français.', 45.99, 10, 11),
('AVF004', 'Avion futuriste SkyDream', 'Concept d’avion de transport futuriste.', 50.99, 4, 8),
('AVB003', 'Avro Lancaster', 'Bombardier britannique.', 25.99, 7, 9),
('AVC005', 'Piper PA-28', 'Avion de tourisme léger.', 15.49, 22, 2),
('AVW006', 'Eurofighter Typhoon', 'Avion de chasse moderne.', 42.49, 12, 11),
('AVR003', 'MQ-9 Reaper', 'Drone de reconnaissance armé.', 39.99, 5, 12);

INSERT IGNORE INTO Client (nom, prenom, adresse, email, telephone) VALUES
('Durand', 'Pierre', '123 Rue des Lilas, Paris', 'pierre.durand@example.com', '0612345678'),
('Dupont', 'Marie', '45 Avenue des Fleurs, Lyon', 'marie.dupont@example.com', '0678456123'),
('Lemoine', 'Jean', '78 Boulevard Haussmann, Toulouse', 'jean.lemoine@example.com', '0654789654'),
('Martin', 'Clara', '12 Place des Vosges, Bordeaux', 'clara.martin@example.com', '0623456789'),
('Bernard', 'Lucas', '88 Rue de Bretagne, Lille', 'lucas.bernard@example.com', '0645123456'),
('Robert', 'Emma', '5 Avenue Montaigne, Nice', 'emma.robert@example.com', '0619876543'),
('Petit', 'Louis', '34 Chemin Vert, Strasbourg', 'louis.petit@example.com', '0654763241'),
('Roux', 'Julie', '101 Boulevard Saint-Michel, Marseille', 'julie.roux@example.com', '0698456123'),
('Morel', 'Paul', '47 Rue des Jardins, Toulouse', 'paul.morel@example.com', '0603245678'),
('Fournier', 'Anna', '9 Quai de la Loire, Nantes', 'anna.fournier@example.com', '0678456123'),
('Girard', 'Victor', '67 Allée des Cyprès, Lyon', 'victor.girard@example.com', '0612348765'),
('Andre', 'Alice', '56 Rue de l’Arbre, Paris', 'alice.andre@example.com', '0665432189'),
('Mercier', 'Hugo', '78 Rue des Peupliers, Bordeaux', 'hugo.mercier@example.com', '0632987456'),
('Blanc', 'Sarah', '12 Avenue des Roses, Nice', 'sarah.blanc@example.com', '0641278934'),
('Guerin', 'Nicolas', '33 Boulevard Carnot, Marseille', 'nicolas.guerin@example.com', '0659832174'),
('Perrot', 'Camille', '29 Rue des Orchidées, Strasbourg', 'camille.perrot@example.com', '0678451234'),
('Noir', 'Julien', '18 Place des Platanes, Lille', 'julien.noir@example.com', '0698745612'),
('Perrin', 'Sophie', '72 Rue des Cèdres, Lyon', 'sophie.perrin@example.com', '0654712398'),
('Leclerc', 'Antoine', '44 Rue de l’Horizon, Paris', 'antoine.leclerc@example.com', '0632987412'),
('Simon', 'Elise', '11 Quai des Lumières, Bordeaux', 'elise.simon@example.com', '0645128937'),
('Fabre', 'Thomas', '90 Boulevard des Arbres, Marseille', 'thomas.fabre@example.com', '0623415789'),
('Lambert', 'Claire', '19 Rue de la Liberté, Nice', 'claire.lambert@example.com', '0612349856'),
('Chevalier', 'Alexandre', '50 Allée des Pins, Strasbourg', 'alexandre.chevalier@example.com', '0678945632'),
('Moulin', 'Laure', '23 Rue de la Vallée, Lille', 'laure.moulin@example.com', '0654839127'),
('Benoit', 'Maxime', '7 Avenue des Chênes, Lyon', 'maxime.benoit@example.com', '0623456789'),
('Fontaine', 'Charlotte', '34 Place des Marronniers, Paris', 'charlotte.fontaine@example.com', '0645128976'),
('Garnier', 'Lucas', '15 Boulevard des Oliviers, Marseille', 'lucas.garnier@example.com', '0619876543'),
('Marchand', 'Amandine', '48 Rue des Peupliers, Bordeaux', 'amandine.marchand@example.com', '0678456123'),
('Renard', 'Adrien', '22 Avenue des Sapins, Lille', 'adrien.renard@example.com', '0654789321'),
('Baron', 'Marine', '81 Allée des Lilas, Nice', 'marine.baron@example.com', '0698451234'),
('Berger', 'Vincent', '66 Rue des Ormes, Strasbourg', 'vincent.berger@example.com', '0632147895');

INSERT IGNORE INTO Commande (id_client, date_commande) VALUES
(1, '2025-01-01'),
(2, '2025-01-02'),
(3, '2025-01-03'),
(4, '2025-01-04'),
(5, '2025-01-05'),
(6, '2025-01-06'),
(7, '2025-01-07'),
(8, '2025-01-08'),
(9, '2025-01-09'),
(10, '2025-01-10'),
(11, '2025-01-11'),
(12, '2025-01-12'),
(13, '2025-01-13'),
(14, '2025-01-14'),
(15, '2025-01-15'),
(16, '2025-01-16'),
(17, '2025-01-17'),
(18, '2025-01-18'),
(19, '2025-01-19'),
(20, '2025-01-20'),
(21, '2025-01-21'),
(22, '2025-01-22'),
(23, '2025-01-23'),
(24, '2025-01-24'),
(25, '2025-01-25'),
(26, '2025-01-26'),
(27, '2025-01-27'),
(28, '2025-01-28'),
(29, '2025-01-29'),
(30, '2025-01-30');

INSERT IGNORE INTO Ligne_commande (id_commande, id_produit, quantite, prix_unitaire_applique) VALUES
(1, 1, 2, 19.99),
(1, 2, 1, 14.99),
(2, 3, 3, 24.99),
(3, 4, 1, 18.49),
(4, 5, 2, 12.99),
(5, 6, 1, 22.49),
(6, 7, 1, 34.99),
(7, 8, 2, 28.99),
(8, 9, 3, 31.49),
(9, 10, 1, 25.99),
(10, 11, 4, 9.99),
(11, 12, 1, 39.99),
(12, 13, 2, 20.99),
(13, 14, 1, 29.99),
(14, 15, 3, 49.99),
(15, 16, 2, 27.99),
(16, 17, 1, 35.99),
(17, 18, 2, 40.99),
(18, 19, 1, 15.99),
(19, 20, 3, 32.99),
(20, 21, 2, 39.99),
(21, 22, 1, 12.99),
(22, 23, 2, 29.99),
(23, 24, 3, 14.99),
(24, 25, 1, 49.99),
(25, 26, 2, 18.99),
(26, 27, 3, 29.99),
(27, 28, 1, 13.49),
(28, 29, 2, 45.99),
(29, 30, 1, 50.99),
(30, 31, 3, 25.99),
(1, 32, 1, 15.49),
(2, 33, 2, 42.49),
(3, 34, 1, 39.99),
(4, 25, 3, 40.99),
(5, 19, 2, 18.99),
(6, 1, 1, 19.99),
(7, 2, 2, 14.99),
(8, 3, 3, 24.99),
(9, 4, 1, 18.49);

INSERT IGNORE INTO Produit_Fournisseur (id_produit, id_fournisseur) VALUES
(1, 1),
(1, 2),
(1, 8),
(2, 3),
(2, 9),
(3, 4),
(3, 10),
(4, 5),
(5, 6),
(6, 7),
(7, 8),
(8, 9),
(9, 10),
(10, 11),
(11, 12),
(12, 13),
(13, 14),
(14, 15),
(15, 16),
(16, 17),
(17, 18),
(18, 19),
(19, 20),
(20, 21),
(21, 22),
(22, 23),
(23, 24),
(24, 25),
(25, 26),
(26, 27),
(27, 28),
(28, 29),
(29, 1),
(30, 2),
(31, 3),
(32, 4),
(33, 5),
(34, 6),
(29, 7),
(30, 8);